9	11	2020	Niš	Lisne vaši na ratarskim usevima (aphididae)
9	11	2020	Niš	Cikade (cicadellidae)
9	11	2020	Niš	Poljski miš (apodemus sylvaticus)
9	11	2020	Niš	Poljska voluharica (microtus arvalis)
9	11	2020	Šabac	Cikade (cicadellidae)
9	11	2020	Šabac	Lisne vaši na ratarskim usevima (aphididae)
5	11	2020	Subotica	Lisne vaši na ratarskim usevima (aphididae)
5	11	2020	Subotica	Cikade (cicadellidae)
4	11	2020	Jagodina	Cikade (cicadellidae)
4	11	2020	Jagodina	Lisne vaši na ratarskim usevima (aphididae)
4	11	2020	Jagodina	Poljska voluharica (microtus arvalis)
4	11	2020	Jagodina	Poljski miš (apodemus sylvaticus)
3	11	2020	Smederevo	Lisne vaši na ratarskim usevima (aphididae)
3	11	2020	Smederevo	Cikade (cicadellidae)
2	11	2020	Sremska Mitrovica	Lisne vaši na ratarskim usevima (aphididae)
2	11	2020	Sremska Mitrovica	Cikade (cicadellidae)
2	11	2020	Sremska Mitrovica	Poljski miš (apodemus sylvaticus)
30	10	2020	Zrenjanin	Cikade (cicadellidae)
30	10	2020	Zrenjanin	Lisne vaši na ratarskim usevima (aphididae)
29	10	2020	Senta	Cikade (cicadellidae)
29	10	2020	Senta	Lisne vaši na ratarskim usevima (aphididae)
29	10	2020	Senta	Mrežasta pegavost ječma (pyrenophora teres)
29	10	2020	Vršac	Lisne vaši na ratarskim usevima (aphididae)
29	10	2020	Vršac	Cikade (cicadellidae)
28	10	2020	Kikinda	Lisne vaši na ratarskim usevima (aphididae)
28	10	2020	Kikinda	Cikade (cicadellidae)
27	10	2020	Ruma	Lisne vaši na ratarskim usevima (aphididae)
27	10	2020	Ruma	Cikade (cicadellidae)
27	10	2020	Ruma	Poljska voluharica (microtus arvalis)
27	10	2020	Ruma	Poljski miš (apodemus sylvaticus)
27	10	2020	Sombor	Cikade (cicadellidae)
27	10	2020	Sombor	Lisne vaši na ratarskim usevima (aphididae)
27	10	2020	Sombor	Mrežasta pegavost ječma (pyrenophora teres)
26	10	2020	Bačka Topola	Lisne vaši na ratarskim usevima (aphididae)
26	10	2020	Bačka Topola	Cikade (cicadellidae)
26	10	2020	Novi Sad	Lisne vaši na ratarskim usevima (aphididae)
26	10	2020	Novi Sad	Cikade (cicadellidae)
24	10	2020	Pančevo	Cikade (cicadellidae)
24	10	2020	Pančevo	Lisne vaši na ratarskim usevima (aphididae)
23	10	2020	Vrbas	Cikade (cicadellidae)
23	10	2020	Vrbas	Lisne vaši na ratarskim usevima (aphididae)
20	5	2020	Užice	Fuzarium klasa pšenice (fusarium graminearum/gibberella zeae)
20	5	2020	Užice	Žitna pijavica (lema melanopus)
20	5	2020	Užice	Žitne stenice (eurygaster/aelia spp.)
20	5	2020	Užice	Lisne vaši na ratarskim usevima (aphididae)
18	5	2020	Kraljevo	Fuzarium klasa pšenice (fusarium graminearum/gibberella zeae)
17	5	2020	Čačak	Fuzarium klasa pšenice (fusarium graminearum/gibberella zeae)
15	5	2020	Kruševac	Fuzarium klasa pšenice (fusarium graminearum/gibberella zeae)
15	5	2020	Kruševac	Lisne vaši na ratarskim usevima (aphididae)
15	5	2020	Kruševac	Žitna pijavica (lema melanopus)
15	5	2020	Valjevo	Fuzarium klasa pšenice (fusarium graminearum/gibberella zeae)
15	5	2020	Valjevo	Lisne vaši na ratarskim usevima (aphididae)
15	5	2020	Valjevo	Rđa pšenice (Puccinia spp.)
15	5	2020	Valjevo	Žitne stenice (eurygaster/aelia spp.)
15	5	2020	Valjevo	Žitna pijavica (lema melanopus)
14	5	2020	Pirot	Fuzarium klasa pšenice (fusarium graminearum/gibberella zeae)
14	5	2020	Pirot	Lisne vaši na ratarskim usevima (aphididae)
14	5	2020	Pirot	Žitna pijavica (lema melanopus)
12	5	2020	Jagodina	Fuzarium klasa pšenice (fusarium graminearum/gibberella zeae)
12	5	2020	Jagodina	Lisne vaši na ratarskim usevima (aphididae)
12	5	2020	Jagodina	Žitna pijavica (lema melanopus)
11	5	2020	Leskovac	Fuzarium klasa pšenice (fusarium graminearum/gibberella zeae)
11	5	2020	Leskovac	Lisne vaši na ratarskim usevima (aphididae)
11	5	2020	Leskovac	Žitna pijavica (lema melanopus)
11	5	2020	Šabac	Fuzarium klasa pšenice (fusarium graminearum/gibberella zeae)
11	5	2020	Šabac	Lisne vaši na ratarskim usevima (aphididae)
11	5	2020	Šabac	Žitna pijavica (lema melanopus)
11	5	2020	Negotin	Fuzarium klasa pšenice (fusarium graminearum/gibberella zeae)
11	5	2020	Niš	Fuzarium klasa pšenice (fusarium graminearum/gibberella zeae)
11	5	2020	Niš	Lisne vaši na ratarskim usevima (aphididae)
11	5	2020	Niš	Žitna pijavica (lema melanopus)
11	5	2020	Niš	Žitne stenice (eurygaster/aelia spp.)
11	5	2020	Subotica	Fuzarium klasa pšenice (fusarium graminearum/gibberella zeae)
10	5	2020	Kragujevac	Fuzarium klasa pšenice (fusarium graminearum/gibberella zeae)
10	5	2020	Kragujevac	Lisne vaši na ratarskim usevima (aphididae)
10	5	2020	Kragujevac	Žitna pijavica (lema melanopus)
9	5	2020	Smederevo	Fuzarium klasa pšenice (fusarium graminearum/gibberella zeae)
9	5	2020	Smederevo	Lisne vaši na ratarskim usevima (aphididae)
9	5	2020	Smederevo	Žitna pijavica (lema melanopus)
9	5	2020	Ruma	Fuzarium klasa pšenice (fusarium graminearum/gibberella zeae)
9	5	2020	Ruma	Žitna pijavica (lema melanopus)
9	5	2020	Novi Sad	Fuzarium klasa pšenice (fusarium graminearum/gibberella zeae)
9	5	2020	Požarevac	Fuzarium klasa pšenice (fusarium graminearum/gibberella zeae)
9	5	2020	Požarevac	Lisne vaši na ratarskim usevima (aphididae)
8	5	2020	Mladenovac	Fuzarium klasa pšenice (fusarium graminearum/gibberella zeae)
8	5	2020	Mladenovac	Žitna pijavica (lema melanopus)
8	5	2020	Mladenovac	Lisne vaši na ratarskim usevima (aphididae)
8	5	2020	Pančevo	Fuzarium klasa pšenice (fusarium graminearum/gibberella zeae)
8	5	2020	Zrenjanin	Fuzarium klasa pšenice (fusarium graminearum/gibberella zeae)
8	5	2020	Sremska Mitrovica	Fuzarium klasa pšenice (fusarium graminearum/gibberella zeae)
7	5	2020	Senta	Fuzarium klasa pšenice (fusarium graminearum/gibberella zeae)
7	5	2020	Senta	Lisne vaši na ratarskim usevima (aphididae)
7	5	2020	Senta	Žitna pijavica (lema melanopus)
7	5	2020	Vršac	Fuzarium klasa pšenice (fusarium graminearum/gibberella zeae)
7	5	2020	Bačka Topola	Fuzarium klasa pšenice (fusarium graminearum/gibberella zeae)
5	5	2020	Sombor	Fuzarium klasa pšenice (fusarium graminearum/gibberella zeae)
5	5	2020	Vrbas	Fuzarium klasa pšenice (fusarium graminearum/gibberella zeae)
5	5	2020	Vrbas	Lisne vaši na ratarskim usevima (aphididae)
5	5	2020	Kikinda	Fuzarium klasa pšenice (fusarium graminearum/gibberella zeae)
5	5	2020	Kikinda	Lisne vaši na ratarskim usevima (aphididae)
27	4	2020	Novi Sad	Pepelnica pšenice (erysiphe graminis)
27	4	2020	Novi Sad	Pyrenophora tritici-repentis (Pyrenophora tritici-repentis)
27	4	2020	Novi Sad	Žitna pijavica (lema melanopus)
27	4	2020	Šabac	Siva pegavost lista strnih žita (Septoria tritici/Mycosphaerella graminicola)
27	4	2020	Šabac	Žitna pijavica (lema melanopus)
27	4	2020	Šabac	Lisne vaši na ratarskim usevima (aphididae)
25	4	2020	Zrenjanin	Pepelnica pšenice (erysiphe graminis)
25	4	2020	Zrenjanin	Pyrenophora tritici-repentis (Pyrenophora tritici-repentis)
25	4	2020	Zrenjanin	Lisne vaši na ratarskim usevima (aphididae)
25	4	2020	Zrenjanin	Žitna pijavica (lema melanopus)
25	4	2020	Kraljevo	Siva pegavost lista strnih žita (Septoria tritici/Mycosphaerella graminicola)
25	4	2020	Kraljevo	Pyrenophora tritici-repentis (Pyrenophora tritici-repentis)
25	4	2020	Kraljevo	Lisne vaši na ratarskim usevima (aphididae)
25	4	2020	Kraljevo	Žitna pijavica (lema melanopus)
23	4	2020	Užice	Siva pegavost lista strnih žita (Septoria tritici/Mycosphaerella graminicola)
23	4	2020	Užice	Pepelnica pšenice (erysiphe graminis)
23	4	2020	Užice	Pyrenophora tritici-repentis (Pyrenophora tritici-repentis)
17	4	2020	Ruma	Mrežasta pegavost ječma (pyrenophora teres)
17	4	2020	Ruma	Ramulariozna pegavost (Ramularia collo-cygni)
17	4	2020	Ruma	Pepelnica pšenice (erysiphe graminis)
16	4	2020	Kragujevac	Pepelnica pšenice (erysiphe graminis)
16	4	2020	Kragujevac	Žitna pijavica (lema melanopus)
13	4	2020	Vrbas	Mrežasta pegavost ječma (pyrenophora teres)
13	4	2020	Vrbas	Ramulariozna pegavost (Ramularia collo-cygni)
13	4	2020	Vrbas	Pepelnica pšenice (erysiphe graminis)
11	4	2020	Mladenovac	Lisne vaši na ratarskim usevima (aphididae)
11	4	2020	Mladenovac	Pepelnica pšenice (erysiphe graminis)
11	4	2020	Mladenovac	Rđa pšenice (Puccinia spp.)
11	4	2020	Mladenovac	Cikade (cicadellidae)
11	4	2020	Mladenovac	Siva pegavost lista strnih žita (Septoria tritici/Mycosphaerella graminicola)
11	4	2020	Mladenovac	Žitna pijavica (lema melanopus)
11	4	2020	Jagodina	Pepelnica pšenice (erysiphe graminis)
11	4	2020	Jagodina	Siva pegavost lista strnih žita (Septoria tritici/Mycosphaerella graminicola)
10	4	2020	Niš	Siva pegavost lista strnih žita (Septoria tritici/Mycosphaerella graminicola)
10	4	2020	Niš	Pyrenophora tritici-repentis (Pyrenophora tritici-repentis)
9	4	2020	Valjevo	Siva pegavost lista strnih žita (Septoria tritici/Mycosphaerella graminicola)
9	4	2020	Leskovac	Siva pegavost lista strnih žita (Septoria tritici/Mycosphaerella graminicola)
9	4	2020	Leskovac	Pyrenophora tritici-repentis (Pyrenophora tritici-repentis)
9	4	2020	Šabac	Siva pegavost lista strnih žita (Septoria tritici/Mycosphaerella graminicola)
9	4	2020	Šabac	Pepelnica pšenice (erysiphe graminis)
8	4	2020	Pančevo	Pepelnica pšenice (erysiphe graminis)
8	4	2020	Pančevo	Siva pegavost lista strnih žita (Septoria tritici/Mycosphaerella graminicola)
8	4	2020	Pančevo	Rđa pšenice (Puccinia spp.)
7	4	2020	Kruševac	Pepelnica pšenice (erysiphe graminis)
7	4	2020	Kruševac	Siva pegavost lista strnih žita (Septoria tritici/Mycosphaerella graminicola)
4	4	2020	Smederevo	Pepelnica pšenice (erysiphe graminis)
4	4	2020	Smederevo	Siva pegavost lista strnih žita (Septoria tritici/Mycosphaerella graminicola)
2	4	2020	Kikinda	Pepelnica pšenice (erysiphe graminis)
2	4	2020	Kikinda	Siva pegavost lista strnih žita (Septoria tritici/Mycosphaerella graminicola)
2	4	2020	Kikinda	Rđa pšenice (Puccinia spp.)
1	4	2020	Subotica	Siva pegavost lista strnih žita (Septoria tritici/Mycosphaerella graminicola)
1	4	2020	Subotica	Pepelnica pšenice (erysiphe graminis)
1	4	2020	Subotica	Rđa pšenice (Puccinia spp.)
31	3	2020	Zrenjanin	Pepelnica pšenice (erysiphe graminis)
31	3	2020	Zrenjanin	Rđa pšenice (Puccinia spp.)
31	3	2020	Zrenjanin	Siva pegavost lista strnih žita (Septoria tritici/Mycosphaerella graminicola)
31	3	2020	Požarevac	Pepelnica pšenice (erysiphe graminis)
31	3	2020	Požarevac	Rđa pšenice (Puccinia spp.)
31	3	2020	Požarevac	Siva pegavost lista strnih žita (Septoria tritici/Mycosphaerella graminicola)
30	3	2020	Ruma	Siva pegavost lista strnih žita (Septoria tritici/Mycosphaerella graminicola)
30	3	2020	Ruma	Pepelnica pšenice (erysiphe graminis)
30	3	2020	Ruma	Rđa pšenice (Puccinia spp.)
18	3	2020	Sombor	Lisna rđa pšenice (Puccinia triticina/recondita)
18	3	2020	Sombor	Pepelnica pšenice (erysiphe graminis)
17	3	2020	Vrbas	Rđa pšenice (Puccinia spp.)
17	3	2020	Vrbas	Pepelnica pšenice (erysiphe graminis)
17	3	2020	Vrbas	Siva pegavost lista strnih žita (Septoria tritici/Mycosphaerella graminicola)
16	3	2020	Senta	Pepelnica pšenice (erysiphe graminis)
16	3	2020	Senta	Rđa pšenice (Puccinia spp.)
16	3	2020	Senta	Siva pegavost lista strnih žita (Septoria tritici/Mycosphaerella graminicola)
16	3	2020	Kragujevac	Mrežasta pegavost ječma (pyrenophora teres)
16	3	2020	Kragujevac	Pegavost lista ječma (Rhynchosporium secalis)
16	3	2020	Kragujevac	Pepelnica pšenice (erysiphe graminis)
16	3	2020	Kragujevac	Lisne vaši na ratarskim usevima (aphididae)
16	3	2020	Kragujevac	Cikade (cicadellidae)
16	3	2020	Novi Sad	Rđa pšenice (Puccinia spp.)
16	3	2020	Novi Sad	Pepelnica pšenice (erysiphe graminis)
16	3	2020	Novi Sad	Siva pegavost lista strnih žita (Septoria tritici/Mycosphaerella graminicola)
11	3	2020	Bačka Topola	Pepelnica pšenice (erysiphe graminis)
11	3	2020	Bačka Topola	Rđa pšenice (Puccinia spp.)
11	3	2020	Bačka Topola	Siva pegavost lista strnih žita (Septoria tritici/Mycosphaerella graminicola)
26	11	2019	Smederevo	Cikade (cicadellidae)
26	11	2019	Smederevo	Lisne vaši na ratarskim usevima (aphididae)
19	11	2019	Šabac	Lisne vaši na ratarskim usevima (aphididae)
19	11	2019	Šabac	Cikade (cicadellidae)
15	11	2019	Mladenovac	Cikade (cicadellidae)
15	11	2019	Mladenovac	Lisne vaši na ratarskim usevima (aphididae)
15	11	2019	Valjevo	Cikade (cicadellidae)
15	11	2019	Valjevo	Lisne vaši na ratarskim usevima (aphididae)
13	11	2019	Požarevac	Cikade (cicadellidae)
13	11	2019	Požarevac	Lisne vaši na ratarskim usevima (aphididae)
12	11	2019	Mladenovac	Lisne vaši na ratarskim usevima (aphididae)
12	11	2019	Mladenovac	Cikade (cicadellidae)
31	10	2019	Sombor	Cikade (cicadellidae)
31	10	2019	Sombor	Lisne vaši na ratarskim usevima (aphididae)
30	10	2019	Kragujevac	Lisne vaši na ratarskim usevima (aphididae)
30	10	2019	Kragujevac	Cikade (cicadellidae)
25	10	2019	Ruma	Lisne vaši na ratarskim usevima (aphididae)
25	10	2019	Ruma	Cikade (cicadellidae)
25	10	2019	Zrenjanin	Cikade (cicadellidae)
25	10	2019	Zrenjanin	Lisne vaši na ratarskim usevima (aphididae)
25	10	2019	Vršac	Lisne vaši na ratarskim usevima (aphididae)
25	10	2019	Vršac	Cikade (cicadellidae)
24	10	2019	Senta	Cikade (cicadellidae)
24	10	2019	Senta	Lisne vaši na ratarskim usevima (aphididae)
24	10	2019	Kikinda	Lisne vaši na ratarskim usevima (aphididae)
24	10	2019	Kikinda	Cikade (cicadellidae)
23	10	2019	Pančevo	Cikade (cicadellidae)
23	10	2019	Pančevo	Lisne vaši na ratarskim usevima (aphididae)
23	10	2019	Novi Sad	Lisne vaši na ratarskim usevima (aphididae)
23	10	2019	Novi Sad	Cikade (cicadellidae)
23	10	2019	Novi Sad	Virus žute patuljavosti ječma (barley yellow dwarf virus)
18	10	2019	Zrenjanin	Cikade (cicadellidae)
22	5	2019	Užice	Fuzarium klasa pšenice (fusarium graminearum/gibberella zeae)
22	5	2019	Užice	Siva pegavost lista strnih žita (Septoria tritici/Mycosphaerella graminicola)
20	5	2019	Negotin	Fuzarium klasa pšenice (fusarium graminearum/gibberella zeae)
17	5	2019	Šabac	Fuzarium klasa pšenice (fusarium graminearum/gibberella zeae)
16	5	2019	Kruševac	Fuzarium klasa pšenice (fusarium graminearum/gibberella zeae)
16	5	2019	Niš	Fuzarium klasa pšenice (fusarium graminearum/gibberella zeae)
15	5	2019	Leskovac	Fuzarium klasa pšenice (fusarium graminearum/gibberella zeae)
15	5	2019	Jagodina	Fuzarium klasa pšenice (fusarium graminearum/gibberella zeae)
14	5	2019	Valjevo	Fuzarium klasa pšenice (fusarium graminearum/gibberella zeae)
14	5	2019	Kragujevac	Fuzarium klasa pšenice (fusarium graminearum/gibberella zeae)
13	5	2019	Pančevo	Fuzarium klasa pšenice (fusarium graminearum/gibberella zeae)
13	5	2019	Novi Sad	Fuzarium klasa pšenice (fusarium graminearum/gibberella zeae)
13	5	2019	Novi Sad	Rđa pšenice (Puccinia spp.)
13	5	2019	Požarevac	Fuzarium klasa pšenice (fusarium graminearum/gibberella zeae)
11	5	2019	Vrbas	Fuzarium klasa pšenice (fusarium graminearum/gibberella zeae)
10	5	2019	Ruma	Fuzarium klasa pšenice (fusarium graminearum/gibberella zeae)
10	5	2019	Sremska Mitrovica	Fuzarium klasa pšenice (fusarium graminearum/gibberella zeae)
10	5	2019	Vršac	Fuzarium klasa pšenice (fusarium graminearum/gibberella zeae)
10	5	2019	Zrenjanin	Fuzarium klasa pšenice (fusarium graminearum/gibberella zeae)
10	5	2019	Zrenjanin	Lisne vaši na ratarskim usevima (aphididae)
10	5	2019	Subotica	Fuzarium klasa pšenice (fusarium graminearum/gibberella zeae)
10	5	2019	Senta	Fuzarium klasa pšenice (fusarium graminearum/gibberella zeae)
9	5	2019	Bačka Topola	Fuzarium klasa pšenice (fusarium graminearum/gibberella zeae)
9	5	2019	Kikinda	Fuzarium klasa pšenice (fusarium graminearum/gibberella zeae)
8	5	2019	Sombor	Fuzarium klasa pšenice (fusarium graminearum/gibberella zeae)
25	4	2019	Leskovac	Siva pegavost lista strnih žita (Septoria tritici/Mycosphaerella graminicola)
25	4	2019	Leskovac	Žitna pijavica (lema melanopus)
25	4	2019	Niš	Siva pegavost lista strnih žita (Septoria tritici/Mycosphaerella graminicola)
25	4	2019	Niš	Žitna pijavica (lema melanopus)
24	4	2019	Senta	Siva pegavost lista strnih žita (Septoria tritici/Mycosphaerella graminicola)
24	4	2019	Senta	Pepelnica pšenice (erysiphe graminis)
24	4	2019	Senta	Mrežasta pegavost ječma (pyrenophora teres)
24	4	2019	Senta	Ramulariozna pegavost (Ramularia collo-cygni)
22	4	2019	Kruševac	Žitna pijavica (lema melanopus)
22	4	2019	Kruševac	Rđa pšenice (Puccinia spp.)
20	4	2019	Subotica	Siva pegavost lista strnih žita (Septoria tritici/Mycosphaerella graminicola)
20	4	2019	Subotica	Pepelnica pšenice (erysiphe graminis)
20	4	2019	Subotica	Mrežasta pegavost ječma (pyrenophora teres)
20	4	2019	Kragujevac	Žitna pijavica (lema melanopus)
20	4	2019	Kragujevac	Rđa pšenice (Puccinia spp.)
18	4	2019	Vrbas	Žitna pijavica (lema melanopus)
17	4	2019	Vršac	Žitna pijavica (lema melanopus)
16	4	2019	Sremska Mitrovica	Žitna pijavica (lema melanopus)
15	4	2019	Požarevac	Siva pegavost lista strnih žita (Septoria tritici/Mycosphaerella graminicola)
15	4	2019	Požarevac	Rđa pšenice (Puccinia spp.)
11	4	2019	Šabac	Žitna pijavica (lema melanopus)
11	4	2019	Šabac	Siva pegavost lista strnih žita (Septoria tritici/Mycosphaerella graminicola)
10	4	2019	Bačka Topola	Žitna pijavica (lema melanopus)
9	4	2019	Novi Sad	Žitna pijavica (lema melanopus)
9	4	2019	Mladenovac	Mrežasta pegavost ječma (pyrenophora teres)
9	4	2019	Mladenovac	Ramulariozna pegavost (Ramularia collo-cygni)
9	4	2019	Mladenovac	Žitna pijavica (lema melanopus)
5	4	2019	Valjevo	Siva pegavost lista strnih žita (Septoria tritici/Mycosphaerella graminicola)
5	4	2019	Valjevo	Rđa pšenice (Puccinia spp.)
5	4	2019	Valjevo	Žitna pijavica (lema melanopus)
3	4	2019	Sombor	Pepelnica pšenice (erysiphe graminis)
3	4	2019	Sombor	Rđa pšenice (Puccinia spp.)
29	3	2019	Novi Sad	Rđa pšenice (Puccinia spp.)
29	3	2019	Novi Sad	Pepelnica pšenice (erysiphe graminis)
29	3	2019	Bačka Topola	Rđa pšenice (Puccinia spp.)
29	3	2019	Vrbas	Rđa pšenice (Puccinia spp.)
7	12	2018	Beograd	Poljska voluharica (microtus arvalis)
7	12	2018	Beograd	Poljski miš (apodemus sylvaticus)
13	11	2018	Valjevo	Lisne vaši na ratarskim usevima (aphididae)
9	11	2018	Šabac	Lisne vaši na ratarskim usevima (aphididae)
9	11	2018	Ruma	Lisne vaši na ratarskim usevima (aphididae)
9	11	2018	Ruma	Cikade (cicadellidae)
9	11	2018	Ruma	Pepelnica pšenice (erysiphe graminis)
9	11	2018	Ruma	Poljski miš (apodemus sylvaticus)
9	11	2018	Ruma	Poljska voluharica (microtus arvalis)
6	11	2018	Vrbas	Lisne vaši na ratarskim usevima (aphididae)
6	11	2018	Vrbas	Poljska voluharica (microtus arvalis)
6	11	2018	Vrbas	Poljski miš (apodemus sylvaticus)
6	11	2018	Vrbas	Pepelnica pšenice (erysiphe graminis)
3	11	2018	Sombor	Cikade (cicadellidae)
3	11	2018	Sombor	Lisne vaši na ratarskim usevima (aphididae)
3	11	2018	Sombor	Mrežasta pegavost ječma (pyrenophora teres)
2	11	2018	Bačka Topola	Lisne vaši na ratarskim usevima (aphididae)
2	11	2018	Bačka Topola	Cikade (cicadellidae)
2	11	2018	Bačka Topola	Mrežasta pegavost ječma (pyrenophora teres)
2	11	2018	Bačka Topola	Poljski miš (apodemus sylvaticus)
2	11	2018	Bačka Topola	Poljska voluharica (microtus arvalis)
2	11	2018	Novi Sad	Lisne vaši na ratarskim usevima (aphididae)
2	11	2018	Novi Sad	Cikade (cicadellidae)
2	11	2018	Novi Sad	Pepelnica pšenice (erysiphe graminis)
2	11	2018	Novi Sad	Mrežasta pegavost ječma (pyrenophora teres)
2	11	2018	Novi Sad	Poljski miš (apodemus sylvaticus)
2	11	2018	Novi Sad	Poljska voluharica (microtus arvalis)
12	5	2018	Kraljevo	Rđa pšenice (Puccinia spp.)
12	5	2018	Kraljevo	Siva pegavost lista strnih žita (Septoria tritici/Mycosphaerella graminicola)
10	5	2018	Novi Sad	Rđa pšenice (Puccinia spp.)
10	5	2018	Novi Sad	Fuzarium klasa pšenice (fusarium graminearum/gibberella zeae)
9	5	2018	Užice	Fuzarium klasa pšenice (fusarium graminearum/gibberella zeae)
9	5	2018	Užice	Žitna pijavica (lema melanopus)
9	5	2018	Užice	Lisne vaši na ratarskim usevima (aphididae)
9	5	2018	Valjevo	Fuzarium klasa pšenice (fusarium graminearum/gibberella zeae)
9	5	2018	Bačka Topola	Rđa pšenice (Puccinia spp.)
8	5	2018	Niš	Fuzarium klasa pšenice (fusarium graminearum/gibberella zeae)
8	5	2018	Niš	Žitna pijavica (lema melanopus)
8	5	2018	Niš	Lisne vaši na ratarskim usevima (aphididae)
8	5	2018	Leskovac	Fuzarium klasa pšenice (fusarium graminearum/gibberella zeae)
8	5	2018	Beograd	Fuzarium klasa pšenice (fusarium graminearum/gibberella zeae)
8	5	2018	Beograd	Žitna pijavica (lema melanopus)
8	5	2018	Pirot	Fuzarium klasa pšenice (fusarium graminearum/gibberella zeae)
7	5	2018	Kragujevac	Fuzarium klasa pšenice (fusarium graminearum/gibberella zeae)
7	5	2018	Zrenjanin	Fuzarium klasa pšenice (fusarium graminearum/gibberella zeae)
7	5	2018	Negotin	Fuzarium klasa pšenice (fusarium graminearum/gibberella zeae)
7	5	2018	Negotin	Žitna pijavica (lema melanopus)
6	5	2018	Senta	Fuzarium klasa pšenice (fusarium graminearum/gibberella zeae)
6	5	2018	Senta	Žitna pijavica (lema melanopus)
6	5	2018	Senta	Lisne vaši na ratarskim usevima (aphididae)
5	5	2018	Jagodina	Fuzarium klasa pšenice (fusarium graminearum/gibberella zeae)
4	5	2018	Kikinda	Fuzarium klasa pšenice (fusarium graminearum/gibberella zeae)
4	5	2018	Mladenovac	Fuzarium klasa pšenice (fusarium graminearum/gibberella zeae)
4	5	2018	Subotica	Fuzarium klasa pšenice (fusarium graminearum/gibberella zeae)
4	5	2018	Subotica	Lisne vaši na ratarskim usevima (aphididae)
4	5	2018	Subotica	Žitna pijavica (lema melanopus)
4	5	2018	Vršac	Fuzarium klasa pšenice (fusarium graminearum/gibberella zeae)
4	5	2018	Sremska Mitrovica	Fuzarium klasa pšenice (fusarium graminearum/gibberella zeae)
4	5	2018	Požarevac	Fuzarium klasa pšenice (fusarium graminearum/gibberella zeae)
4	5	2018	Požarevac	Žitna pijavica (lema melanopus)
3	5	2018	Sombor	Fuzarium klasa pšenice (fusarium graminearum/gibberella zeae)
3	5	2018	Kruševac	Fuzarium klasa pšenice (fusarium graminearum/gibberella zeae)
3	5	2018	Novi Sad	Fuzarium klasa pšenice (fusarium graminearum/gibberella zeae)
3	5	2018	Novi Sad	Lisne vaši na ratarskim usevima (aphididae)
3	5	2018	Bačka Topola	Fuzarium klasa pšenice (fusarium graminearum/gibberella zeae)
3	5	2018	Ruma	Fuzarium klasa pšenice (fusarium graminearum/gibberella zeae)
3	5	2018	Vrbas	Fuzarium klasa pšenice (fusarium graminearum/gibberella zeae)
3	5	2018	Pančevo	Fuzarium klasa pšenice (fusarium graminearum/gibberella zeae)
25	4	2018	Šabac	Siva pegavost lista strnih žita (Septoria tritici/Mycosphaerella graminicola)
21	4	2018	Ruma	Siva pegavost lista strnih žita (Septoria tritici/Mycosphaerella graminicola)
21	4	2018	Ruma	Pepelnica pšenice (erysiphe graminis)
20	4	2018	Jagodina	Siva pegavost lista strnih žita (Septoria tritici/Mycosphaerella graminicola)
19	4	2018	Šabac	Siva pegavost lista strnih žita (Septoria tritici/Mycosphaerella graminicola)
19	4	2018	Šabac	Žitna pijavica (lema melanopus)
19	4	2018	Subotica	Siva pegavost lista strnih žita (Septoria tritici/Mycosphaerella graminicola)
19	4	2018	Subotica	Pepelnica pšenice (erysiphe graminis)
19	4	2018	Niš	Siva pegavost lista strnih žita (Septoria tritici/Mycosphaerella graminicola)
19	4	2018	Niš	Pepelnica pšenice (erysiphe graminis)
19	4	2018	Niš	Rđa pšenice (Puccinia spp.)
17	4	2018	Leskovac	Siva pegavost lista strnih žita (Septoria tritici/Mycosphaerella graminicola)
17	4	2018	Leskovac	Rđa pšenice (Puccinia spp.)
17	4	2018	Leskovac	Pepelnica pšenice (erysiphe graminis)
17	4	2018	Smederevo	Rđa pšenice (Puccinia spp.)
17	4	2018	Smederevo	Siva pegavost lista strnih žita (Septoria tritici/Mycosphaerella graminicola)
17	4	2018	Smederevo	Pepelnica pšenice (erysiphe graminis)
17	4	2018	Smederevo	Mrežasta pegavost ječma (pyrenophora teres)
17	4	2018	Beograd	Pepelnica pšenice (erysiphe graminis)
17	4	2018	Beograd	Siva pegavost lista strnih žita (Septoria tritici/Mycosphaerella graminicola)
17	4	2018	Senta	Pepelnica pšenice (erysiphe graminis)
17	4	2018	Senta	Rđa pšenice (Puccinia spp.)
17	4	2018	Senta	Siva pegavost lista strnih žita (Septoria tritici/Mycosphaerella graminicola)
16	4	2018	Mladenovac	Mrežasta pegavost ječma (pyrenophora teres)
16	4	2018	Mladenovac	Pegavost lista ječma (Rhynchosporium secalis)
16	4	2018	Mladenovac	Pepelnica pšenice (erysiphe graminis)
16	4	2018	Mladenovac	Rđa pšenice (Puccinia spp.)
16	4	2018	Mladenovac	Siva pegavost lista strnih žita (Septoria tritici/Mycosphaerella graminicola)
16	4	2018	Mladenovac	Ramulariozna pegavost (Ramularia collo-cygni)
16	4	2018	Vrbas	Pepelnica pšenice (erysiphe graminis)
16	4	2018	Vrbas	Siva pegavost lista strnih žita (Septoria tritici/Mycosphaerella graminicola)
13	4	2018	Kruševac	Lisne vaši na ratarskim usevima (aphididae)
13	4	2018	Kruševac	Siva pegavost lista strnih žita (Septoria tritici/Mycosphaerella graminicola)
13	4	2018	Kruševac	Pepelnica pšenice (erysiphe graminis)
13	4	2018	Kruševac	Rđa pšenice (Puccinia spp.)
13	4	2018	Vršac	Pepelnica pšenice (erysiphe graminis)
13	4	2018	Vršac	Siva pegavost lista strnih žita (Septoria tritici/Mycosphaerella graminicola)
13	4	2018	Vršac	Rđa pšenice (Puccinia spp.)
13	4	2018	Kikinda	Siva pegavost lista strnih žita (Septoria tritici/Mycosphaerella graminicola)
13	4	2018	Kikinda	Pepelnica pšenice (erysiphe graminis)
12	4	2018	Zrenjanin	Siva pegavost lista strnih žita (Septoria tritici/Mycosphaerella graminicola)
12	4	2018	Zrenjanin	Rđa pšenice (Puccinia spp.)
12	4	2018	Zrenjanin	Pepelnica pšenice (erysiphe graminis)
12	4	2018	Požarevac	Siva pegavost lista strnih žita (Septoria tritici/Mycosphaerella graminicola)
12	4	2018	Požarevac	Pepelnica pšenice (erysiphe graminis)
12	4	2018	Pančevo	Rđa pšenice (Puccinia spp.)
12	4	2018	Pančevo	Pepelnica pšenice (erysiphe graminis)
12	4	2018	Novi Sad	Siva pegavost lista strnih žita (Septoria tritici/Mycosphaerella graminicola)
12	4	2018	Novi Sad	Rđa pšenice (Puccinia spp.)
12	4	2018	Novi Sad	Pepelnica pšenice (erysiphe graminis)
10	4	2018	Bačka Topola	Siva pegavost lista strnih žita (Septoria tritici/Mycosphaerella graminicola)
23	11	2017	Senta	Žitni bauljar (zabrus tenebrioides)
9	11	2017	Pančevo	Siva pegavost lista strnih žita (Septoria tritici/Mycosphaerella graminicola)
9	11	2017	Pančevo	Mrežasta pegavost ječma (pyrenophora teres)
9	11	2017	Ruma	Mrežasta pegavost ječma (pyrenophora teres)
9	11	2017	Sremska Mitrovica	Mrežasta pegavost ječma (pyrenophora teres)
8	11	2017	Senta	Lisne vaši na ratarskim usevima (aphididae)
8	11	2017	Senta	Mrežasta pegavost ječma (pyrenophora teres)
20	5	2017	Kraljevo	Fuzarium klasa pšenice (fusarium graminearum/gibberella zeae)
15	5	2017	Kruševac	Fuzarium klasa pšenice (fusarium graminearum/gibberella zeae)
15	5	2017	Subotica	Fuzarium klasa pšenice (fusarium graminearum/gibberella zeae)
15	5	2017	Jagodina	Fuzarium klasa pšenice (fusarium graminearum/gibberella zeae)
15	5	2017	Niš	Fuzarium klasa pšenice (fusarium graminearum/gibberella zeae)
13	5	2017	Leskovac	Fuzarium klasa pšenice (fusarium graminearum/gibberella zeae)
12	5	2017	Sombor	Fuzarium klasa pšenice (fusarium graminearum/gibberella zeae)
12	5	2017	Vrbas	Fuzarium klasa pšenice (fusarium graminearum/gibberella zeae)
12	5	2017	Senta	Fuzarium klasa pšenice (fusarium graminearum/gibberella zeae)
12	5	2017	Negotin	Fuzarium klasa pšenice (fusarium graminearum/gibberella zeae)
12	5	2017	Smederevo	Fuzarium klasa pšenice (fusarium graminearum/gibberella zeae)
11	5	2017	Kikinda	Fuzarium klasa pšenice (fusarium graminearum/gibberella zeae)
11	5	2017	Zrenjanin	Fuzarium klasa pšenice (fusarium graminearum/gibberella zeae)
11	5	2017	Vršac	Fuzarium klasa pšenice (fusarium graminearum/gibberella zeae)
10	5	2017	Bačka Topola	Fuzarium klasa pšenice (fusarium graminearum/gibberella zeae)
8	5	2017	Ruma	Fuzarium klasa pšenice (fusarium graminearum/gibberella zeae)
8	5	2017	Požarevac	Fuzarium klasa pšenice (fusarium graminearum/gibberella zeae)
8	5	2017	Pančevo	Žitna pijavica (lema melanopus)
8	5	2017	Pančevo	Fuzarium klasa pšenice (fusarium graminearum/gibberella zeae)
8	5	2017	Novi Sad	Fuzarium klasa pšenice (fusarium graminearum/gibberella zeae)
28	4	2017	Požarevac	Siva pegavost lista strnih žita (Septoria tritici/Mycosphaerella graminicola)
27	4	2017	Novi Sad	Siva pegavost lista strnih žita (Septoria tritici/Mycosphaerella graminicola)
25	4	2017	Vrbas	Siva pegavost lista strnih žita (Septoria tritici/Mycosphaerella graminicola)
7	4	2017	Sremska Mitrovica	Siva pegavost lista strnih žita (Septoria tritici/Mycosphaerella graminicola)
6	4	2017	Bačka Topola	Siva pegavost lista strnih žita (Septoria tritici/Mycosphaerella graminicola)
30	5	2016	Vrbas	Lisne vaši na ratarskim usevima (aphididae)
27	5	2016	Senta	Lisne vaši na ratarskim usevima (aphididae)
20	5	2016	Novi Sad	Lisne vaši na ratarskim usevima (aphididae)
18	5	2016	Vršac	Rđa pšenice (Puccinia spp.)
14	5	2016	Zrenjanin	Fuzarium klasa pšenice (fusarium graminearum/gibberella zeae)
14	5	2016	Zrenjanin	Lisne vaši na ratarskim usevima (aphididae)
14	5	2016	Zrenjanin	Žitna pijavica (lema melanopus)
12	5	2016	Pirot	Fuzarium klasa pšenice (fusarium graminearum/gibberella zeae)
11	5	2016	Kruševac	Fuzarium klasa pšenice (fusarium graminearum/gibberella zeae)
11	5	2016	Smederevo	Fuzarium klasa pšenice (fusarium graminearum/gibberella zeae)
11	5	2016	Kragujevac	Fuzarium klasa pšenice (fusarium graminearum/gibberella zeae)
11	5	2016	Leskovac	Fuzarium klasa pšenice (fusarium graminearum/gibberella zeae)
11	5	2016	Negotin	Fuzarium klasa pšenice (fusarium graminearum/gibberella zeae)
10	5	2016	Jagodina	Fuzarium klasa pšenice (fusarium graminearum/gibberella zeae)
10	5	2016	Subotica	Fuzarium klasa pšenice (fusarium graminearum/gibberella zeae)
9	5	2016	Mladenovac	Fuzarium klasa pšenice (fusarium graminearum/gibberella zeae)
6	5	2016	Senta	Fuzarium klasa pšenice (fusarium graminearum/gibberella zeae)
6	5	2016	Kikinda	Fuzarium klasa pšenice (fusarium graminearum/gibberella zeae)
5	5	2016	Vršac	Fuzarium klasa pšenice (fusarium graminearum/gibberella zeae)
5	5	2016	Zrenjanin	Fuzarium klasa pšenice (fusarium graminearum/gibberella zeae)
5	5	2016	Zrenjanin	Lisne vaši na ratarskim usevima (aphididae)
4	5	2016	Sombor	Fuzarium klasa pšenice (fusarium graminearum/gibberella zeae)
4	5	2016	Ruma	Fuzarium klasa pšenice (fusarium graminearum/gibberella zeae)
4	5	2016	Novi Sad	Fuzarium klasa pšenice (fusarium graminearum/gibberella zeae)
4	5	2016	Pančevo	Fuzarium klasa pšenice (fusarium graminearum/gibberella zeae)
4	5	2016	Bačka Topola	Fuzarium klasa pšenice (fusarium graminearum/gibberella zeae)
28	4	2016	Požarevac	Fuzarium klasa pšenice (fusarium graminearum/gibberella zeae)
17	4	2016	Užice	Siva pegavost lista strnih žita (Septoria tritici/Mycosphaerella graminicola)
17	4	2016	Užice	Rđa pšenice (Puccinia spp.)
17	4	2016	Užice	Pepelnica pšenice (erysiphe graminis)
17	4	2016	Užice	Žitna pijavica (lema melanopus)
14	4	2016	Negotin	Siva pegavost lista strnih žita (Septoria tritici/Mycosphaerella graminicola)
12	4	2016	Zrenjanin	Siva pegavost lista strnih žita (Septoria tritici/Mycosphaerella graminicola)
8	4	2016	Kikinda	Pepelnica pšenice (erysiphe graminis)
8	4	2016	Kikinda	Rđa pšenice (Puccinia spp.)
8	4	2016	Kikinda	Siva pegavost lista strnih žita (Septoria tritici/Mycosphaerella graminicola)
7	4	2016	Subotica	Siva pegavost lista strnih žita (Septoria tritici/Mycosphaerella graminicola)
7	4	2016	Subotica	Pepelnica pšenice (erysiphe graminis)
7	4	2016	Vrbas	Siva pegavost lista strnih žita (Septoria tritici/Mycosphaerella graminicola)
5	4	2016	Pančevo	Pepelnica pšenice (erysiphe graminis)
5	4	2016	Pančevo	Rđa pšenice (Puccinia spp.)
5	4	2016	Pančevo	Siva pegavost lista strnih žita (Septoria tritici/Mycosphaerella graminicola)
4	4	2016	Vršac	Pepelnica pšenice (erysiphe graminis)
4	4	2016	Vršac	Siva pegavost lista strnih žita (Septoria tritici/Mycosphaerella graminicola)
3	4	2016	Zrenjanin	Siva pegavost lista strnih žita (Septoria tritici/Mycosphaerella graminicola)
3	4	2016	Zrenjanin	Pepelnica pšenice (erysiphe graminis)
2	4	2016	Ruma	Siva pegavost lista strnih žita (Septoria tritici/Mycosphaerella graminicola)
2	4	2016	Ruma	Pepelnica pšenice (erysiphe graminis)
1	4	2016	Kikinda	Pepelnica pšenice (erysiphe graminis)
1	4	2016	Kikinda	Siva pegavost lista strnih žita (Septoria tritici/Mycosphaerella graminicola)
1	4	2016	Kikinda	Rđa pšenice (Puccinia spp.)
1	4	2016	Kikinda	Žitna pijavica (lema melanopus)
1	4	2016	Kikinda	Buvači (phyllotreta spp)
31	3	2016	Novi Sad	Rđa pšenice (Puccinia spp.)
31	3	2016	Novi Sad	Pepelnica pšenice (erysiphe graminis)
31	3	2016	Novi Sad	Siva pegavost lista strnih žita (Septoria tritici/Mycosphaerella graminicola)
31	3	2016	Novi Sad	Žitna pijavica (lema melanopus)
31	3	2016	Novi Sad	Žitne stenice (eurygaster/aelia spp.)
31	3	2016	Vrbas	Siva pegavost lista strnih žita (Septoria tritici/Mycosphaerella graminicola)
31	3	2016	Vrbas	Mrežasta pegavost ječma (pyrenophora teres)
30	3	2016	Senta	Siva pegavost lista strnih žita (Septoria tritici/Mycosphaerella graminicola)
30	3	2016	Senta	Pepelnica pšenice (erysiphe graminis)
23	3	2016	Užice	Siva pegavost lista strnih žita (Septoria tritici/Mycosphaerella graminicola)
23	3	2016	Užice	Rđa pšenice (Puccinia spp.)
23	3	2016	Užice	Pepelnica pšenice (erysiphe graminis)
23	3	2016	Vršac	Mrežasta pegavost ječma (pyrenophora teres)
23	3	2016	Vršac	Pepelnica pšenice (erysiphe graminis)
23	3	2016	Vršac	Siva pegavost lista strnih žita (Septoria tritici/Mycosphaerella graminicola)
22	3	2016	Bačka Topola	Siva pegavost lista strnih žita (Septoria tritici/Mycosphaerella graminicola)
22	3	2016	Kikinda	Siva pegavost lista strnih žita (Septoria tritici/Mycosphaerella graminicola)
22	3	2016	Kikinda	Pepelnica pšenice (erysiphe graminis)
22	3	2016	Kikinda	Rđa pšenice (Puccinia spp.)
21	3	2016	Pančevo	Mrežasta pegavost ječma (pyrenophora teres)
21	3	2016	Pančevo	Pepelnica pšenice (erysiphe graminis)
21	3	2016	Pančevo	Rđa pšenice (Puccinia spp.)
21	3	2016	Pančevo	Siva pegavost lista strnih žita (Septoria tritici/Mycosphaerella graminicola)
21	3	2016	Požarevac	Siva pegavost lista strnih žita (Septoria tritici/Mycosphaerella graminicola)
21	3	2016	Požarevac	Pepelnica pšenice (erysiphe graminis)
18	3	2016	Novi Sad	Pepelnica pšenice (erysiphe graminis)
18	3	2016	Novi Sad	Rđa pšenice (Puccinia spp.)
18	3	2016	Novi Sad	Siva pegavost lista strnih žita (Septoria tritici/Mycosphaerella graminicola)
18	3	2016	Zrenjanin	Siva pegavost lista strnih žita (Septoria tritici/Mycosphaerella graminicola)
17	3	2016	Sremska Mitrovica	Pepelnica pšenice (erysiphe graminis)
17	3	2016	Sremska Mitrovica	Žitna pijavica (lema melanopus)
10	3	2016	Kikinda	Rđa pšenice (Puccinia spp.)
10	3	2016	Kikinda	Siva pegavost lista strnih žita (Septoria tritici/Mycosphaerella graminicola)
10	3	2016	Kikinda	Pepelnica pšenice (erysiphe graminis)
10	3	2016	Kruševac	Siva pegavost lista strnih žita (Septoria tritici/Mycosphaerella graminicola)
10	3	2016	Kruševac	Lisna rđa pšenice (Puccinia triticina/recondita)
10	3	2016	Kruševac	Pepelnica pšenice (erysiphe graminis)
10	3	2016	Bačka Topola	Siva pegavost lista strnih žita (Septoria tritici/Mycosphaerella graminicola)
10	3	2016	Bačka Topola	Pepelnica pšenice (erysiphe graminis)
10	3	2016	Bačka Topola	Rđa pšenice (Puccinia spp.)
9	3	2016	Pirot	Lisna rđa pšenice (Puccinia triticina/recondita)
9	3	2016	Pirot	Pepelnica pšenice (erysiphe graminis)
9	3	2016	Pirot	Siva pegavost lista strnih žita (Septoria tritici/Mycosphaerella graminicola)
8	3	2016	Sombor	Rđa pšenice (Puccinia spp.)
8	3	2016	Sombor	Siva pegavost lista strnih žita (Septoria tritici/Mycosphaerella graminicola)
5	3	2016	Kraljevo	Siva pegavost lista strnih žita (Septoria tritici/Mycosphaerella graminicola)
5	3	2016	Novi Sad	Rđa pšenice (Puccinia spp.)
5	3	2016	Novi Sad	Siva pegavost lista strnih žita (Septoria tritici/Mycosphaerella graminicola)
5	3	2016	Novi Sad	Pepelnica pšenice (erysiphe graminis)
5	3	2016	Zrenjanin	Pepelnica pšenice (erysiphe graminis)
5	3	2016	Zrenjanin	Siva pegavost lista strnih žita (Septoria tritici/Mycosphaerella graminicola)
4	3	2016	Vršac	Mrežasta pegavost ječma (pyrenophora teres)
4	3	2016	Vršac	Pepelnica pšenice (erysiphe graminis)
4	3	2016	Vršac	Siva pegavost lista strnih žita (Septoria tritici/Mycosphaerella graminicola)
4	3	2016	Požarevac	Siva pegavost lista strnih žita (Septoria tritici/Mycosphaerella graminicola)
4	3	2016	Požarevac	Pepelnica pšenice (erysiphe graminis)
4	3	2016	Požarevac	Žitna pijavica (lema melanopus)
2	3	2016	Pančevo	Mrežasta pegavost ječma (pyrenophora teres)
2	3	2016	Pančevo	Siva pegavost lista strnih žita (Septoria tritici/Mycosphaerella graminicola)
1	3	2016	Pirot	Lisna rđa pšenice (Puccinia triticina/recondita)
1	3	2016	Pirot	Mrežasta pegavost ječma (pyrenophora teres)
1	3	2016	Pirot	Pegavost lista ječma (Rhynchosporium secalis)
1	3	2016	Pirot	Pepelnica pšenice (erysiphe graminis)
1	3	2016	Pirot	Rđa pšenice (Puccinia spp.)
26	2	2016	Kikinda	Pepelnica pšenice (erysiphe graminis)
26	2	2016	Kikinda	Rđa pšenice (Puccinia spp.)
26	2	2016	Kikinda	Siva pegavost lista strnih žita (Septoria tritici/Mycosphaerella graminicola)
23	2	2016	Sombor	Pepelnica pšenice (erysiphe graminis)
23	2	2016	Sombor	Rđa pšenice (Puccinia spp.)
23	2	2016	Sombor	Siva pegavost lista strnih žita (Septoria tritici/Mycosphaerella graminicola)
23	2	2016	Bačka Topola	Siva pegavost lista strnih žita (Septoria tritici/Mycosphaerella graminicola)
23	2	2016	Bačka Topola	Pepelnica pšenice (erysiphe graminis)
23	2	2016	Bačka Topola	Rđa pšenice (Puccinia spp.)
18	2	2016	Zrenjanin	Siva pegavost lista strnih žita (Septoria tritici/Mycosphaerella graminicola)
18	2	2016	Zrenjanin	Pepelnica pšenice (erysiphe graminis)
13	2	2016	Pančevo	Pepelnica pšenice (erysiphe graminis)
13	2	2016	Pančevo	Mrežasta pegavost ječma (pyrenophora teres)
13	2	2016	Pančevo	Rđa pšenice (Puccinia spp.)
13	2	2016	Pančevo	Siva pegavost lista strnih žita (Septoria tritici/Mycosphaerella graminicola)
12	2	2016	Ruma	Siva pegavost lista strnih žita (Septoria tritici/Mycosphaerella graminicola)
12	2	2016	Ruma	Pepelnica pšenice (erysiphe graminis)
12	2	2016	Ruma	Mrežasta pegavost ječma (pyrenophora teres)
12	2	2016	Ruma	Pegavost lista ječma (Rhynchosporium secalis)
12	2	2016	Vrbas	Siva pegavost lista strnih žita (Septoria tritici/Mycosphaerella graminicola)
12	2	2016	Vrbas	Pepelnica pšenice (erysiphe graminis)
12	2	2016	Vrbas	Mrežasta pegavost ječma (pyrenophora teres)
11	2	2016	Novi Sad	Siva pegavost lista strnih žita (Septoria tritici/Mycosphaerella graminicola)
11	2	2016	Novi Sad	Pepelnica pšenice (erysiphe graminis)
11	2	2016	Novi Sad	Rđa pšenice (Puccinia spp.)
11	2	2016	Pirot	Lisna rđa pšenice (Puccinia triticina/recondita)
11	2	2016	Pirot	Mrežasta pegavost ječma (pyrenophora teres)
11	2	2016	Pirot	Pegavost lista ječma (Rhynchosporium secalis)
11	2	2016	Pirot	Pepelnica pšenice (erysiphe graminis)
11	2	2016	Pirot	Siva pegavost lista strnih žita (Septoria tritici/Mycosphaerella graminicola)
11	2	2016	Bačka Topola	Siva pegavost lista strnih žita (Septoria tritici/Mycosphaerella graminicola)
11	2	2016	Bačka Topola	Pepelnica pšenice (erysiphe graminis)
11	2	2016	Bačka Topola	Rđa pšenice (Puccinia spp.)
10	2	2016	Vršac	Pepelnica pšenice (erysiphe graminis)
10	2	2016	Vršac	Siva pegavost lista strnih žita (Septoria tritici/Mycosphaerella graminicola)
10	2	2016	Vršac	Mrežasta pegavost ječma (pyrenophora teres)
10	2	2016	Vršac	Pegavost lista ječma (Rhynchosporium secalis)
10	2	2016	Sremska Mitrovica	Siva pegavost lista strnih žita (Septoria tritici/Mycosphaerella graminicola)
8	2	2016	Kikinda	Siva pegavost lista strnih žita (Septoria tritici/Mycosphaerella graminicola)
8	2	2016	Kikinda	Pepelnica pšenice (erysiphe graminis)
8	2	2016	Kikinda	Rđa pšenice (Puccinia spp.)
5	2	2016	Kragujevac	Pepelnica pšenice (erysiphe graminis)
5	2	2016	Kragujevac	Siva pegavost lista strnih žita (Septoria tritici/Mycosphaerella graminicola)
5	2	2016	Kragujevac	Rđa pšenice (Puccinia spp.)
4	2	2016	Mladenovac	Siva pegavost lista strnih žita (Septoria tritici/Mycosphaerella graminicola)
4	2	2016	Mladenovac	Mrežasta pegavost ječma (pyrenophora teres)
4	2	2016	Mladenovac	Poljski miš (apodemus sylvaticus)
4	2	2016	Pirot	Pegavost lista ječma (Rhynchosporium secalis)
4	2	2016	Pirot	Pepelnica pšenice (erysiphe graminis)
4	2	2016	Pirot	Rđa pšenice (Puccinia spp.)
4	2	2016	Pirot	Siva pegavost lista strnih žita (Septoria tritici/Mycosphaerella graminicola)
4	2	2016	Požarevac	Siva pegavost lista strnih žita (Septoria tritici/Mycosphaerella graminicola)
4	2	2016	Požarevac	Pepelnica pšenice (erysiphe graminis)
3	2	2016	Sombor	Pepelnica pšenice (erysiphe graminis)
3	2	2016	Sombor	Rđa pšenice (Puccinia spp.)
3	2	2016	Sombor	Siva pegavost lista strnih žita (Septoria tritici/Mycosphaerella graminicola)
25	1	2016	Zrenjanin	Siva pegavost lista strnih žita (Septoria tritici/Mycosphaerella graminicola)
25	1	2016	Zrenjanin	Pepelnica pšenice (erysiphe graminis)
21	1	2016	Sombor	Pepelnica pšenice (erysiphe graminis)
21	1	2016	Sombor	Siva pegavost lista strnih žita (Septoria tritici/Mycosphaerella graminicola)
21	1	2016	Sombor	Rđa pšenice (Puccinia spp.)
20	1	2016	Bačka Topola	Rđa pšenice (Puccinia spp.)
20	1	2016	Bačka Topola	Siva pegavost lista strnih žita (Septoria tritici/Mycosphaerella graminicola)
20	1	2016	Bačka Topola	Pepelnica pšenice (erysiphe graminis)
18	1	2016	Pančevo	Siva pegavost lista strnih žita (Septoria tritici/Mycosphaerella graminicola)
18	1	2016	Pančevo	Rđa pšenice (Puccinia spp.)
18	1	2016	Pančevo	Pepelnica pšenice (erysiphe graminis)
14	1	2016	Vrbas	Rđa pšenice (Puccinia spp.)
14	1	2016	Novi Sad	Siva pegavost lista strnih žita (Septoria tritici/Mycosphaerella graminicola)
14	1	2016	Novi Sad	Pepelnica pšenice (erysiphe graminis)
14	1	2016	Novi Sad	Rđa pšenice (Puccinia spp.)
12	1	2016	Pirot	Lisna rđa pšenice (Puccinia triticina/recondita)
12	1	2016	Pirot	Pepelnica pšenice (erysiphe graminis)
12	1	2016	Pirot	Siva pegavost lista strnih žita (Septoria tritici/Mycosphaerella graminicola)
12	1	2016	Pirot	Mrežasta pegavost ječma (pyrenophora teres)
12	1	2016	Pirot	Pegavost lista ječma (Rhynchosporium secalis)
31	12	2015	Ruma	Siva pegavost lista strnih žita (Septoria tritici/Mycosphaerella graminicola)
31	12	2015	Ruma	Rđa pšenice (Puccinia spp.)
31	12	2015	Ruma	Pepelnica pšenice (erysiphe graminis)
31	12	2015	Ruma	Pegavost lista ječma (Rhynchosporium secalis)
31	12	2015	Ruma	Mrežasta pegavost ječma (pyrenophora teres)
28	12	2015	Požarevac	Pepelnica pšenice (erysiphe graminis)
28	12	2015	Požarevac	Siva pegavost lista strnih žita (Septoria tritici/Mycosphaerella graminicola)
24	12	2015	Novi Sad	Siva pegavost lista strnih žita (Septoria tritici/Mycosphaerella graminicola)
24	12	2015	Novi Sad	Pepelnica pšenice (erysiphe graminis)
24	12	2015	Novi Sad	Rđa pšenice (Puccinia spp.)
23	12	2015	Zrenjanin	Siva pegavost lista strnih žita (Septoria tritici/Mycosphaerella graminicola)
23	12	2015	Zrenjanin	Pepelnica pšenice (erysiphe graminis)
23	12	2015	Kikinda	Siva pegavost lista strnih žita (Septoria tritici/Mycosphaerella graminicola)
23	12	2015	Kikinda	Pepelnica pšenice (erysiphe graminis)
17	12	2015	Sremska Mitrovica	Siva pegavost lista strnih žita (Septoria tritici/Mycosphaerella graminicola)
4	12	2015	Sombor	Siva pegavost lista strnih žita (Septoria tritici/Mycosphaerella graminicola)
4	12	2015	Sombor	Poljski miš (apodemus sylvaticus)
4	12	2015	Sombor	Poljska voluharica (microtus arvalis)
28	11	2015	Beograd	Mrežasta pegavost ječma (pyrenophora teres)
28	11	2015	Beograd	Pepelnica pšenice (erysiphe graminis)
28	11	2015	Beograd	Siva pegavost lista strnih žita (Septoria tritici/Mycosphaerella graminicola)
26	11	2015	Bačka Topola	Siva pegavost lista strnih žita (Septoria tritici/Mycosphaerella graminicola)
26	11	2015	Bačka Topola	Rđa pšenice (Puccinia spp.)
24	11	2015	Vršac	Mrežasta pegavost ječma (pyrenophora teres)
24	11	2015	Vršac	Siva pegavost lista strnih žita (Septoria tritici/Mycosphaerella graminicola)
23	11	2015	Ruma	Siva pegavost lista strnih žita (Septoria tritici/Mycosphaerella graminicola)
23	11	2015	Ruma	Pepelnica pšenice (erysiphe graminis)
23	11	2015	Ruma	Lisna rđa pšenice (Puccinia triticina/recondita)
23	11	2015	Ruma	Mrežasta pegavost ječma (pyrenophora teres)
23	11	2015	Ruma	Pegavost lista ječma (Rhynchosporium secalis)
20	11	2015	Beograd	Mrežasta pegavost ječma (pyrenophora teres)
20	11	2015	Beograd	Siva pegavost lista strnih žita (Septoria tritici/Mycosphaerella graminicola)
20	11	2015	Zrenjanin	Siva pegavost lista strnih žita (Septoria tritici/Mycosphaerella graminicola)
19	11	2015	Beograd	Mrežasta pegavost ječma (pyrenophora teres)
19	11	2015	Beograd	Siva pegavost lista strnih žita (Septoria tritici/Mycosphaerella graminicola)
19	11	2015	Požarevac	Mrežasta pegavost ječma (pyrenophora teres)
19	11	2015	Požarevac	Siva pegavost lista strnih žita (Septoria tritici/Mycosphaerella graminicola)
17	11	2015	Vrbas	Siva pegavost lista strnih žita (Septoria tritici/Mycosphaerella graminicola)
15	11	2015	Senta	Mrežasta pegavost ječma (pyrenophora teres)
15	11	2015	Senta	Siva pegavost lista strnih žita (Septoria tritici/Mycosphaerella graminicola)
13	11	2015	Novi Sad	Rđa pšenice (Puccinia spp.)
13	11	2015	Novi Sad	Mrežasta pegavost ječma (pyrenophora teres)
4	11	2015	Zrenjanin	Mrežasta pegavost ječma (pyrenophora teres)
4	11	2015	Zrenjanin	Cikade (cicadellidae)
30	5	2015	Zrenjanin	Lisne vaši na ratarskim usevima (aphididae)
21	5	2015	Šabac	Žitne stenice (eurygaster/aelia spp.)
21	5	2015	Valjevo	Fuzarium klasa pšenice (fusarium graminearum/gibberella zeae)
21	5	2015	Valjevo	Pepelnica pšenice (erysiphe graminis)
21	5	2015	Valjevo	Rđa pšenice (Puccinia spp.)
21	5	2015	Valjevo	Siva pegavost lista strnih žita (Septoria tritici/Mycosphaerella graminicola)
19	5	2015	Jagodina	Fuzarium klasa pšenice (fusarium graminearum/gibberella zeae)
19	5	2015	Jagodina	Siva pegavost lista strnih žita (Septoria tritici/Mycosphaerella graminicola)
19	5	2015	Jagodina	Rđa pšenice (Puccinia spp.)
17	5	2015	Niš	Fuzarium klasa pšenice (fusarium graminearum/gibberella zeae)
14	5	2015	Subotica	Fuzarium klasa pšenice (fusarium graminearum/gibberella zeae)
14	5	2015	Kruševac	Žitna pijavica (lema melanopus)
14	5	2015	Zrenjanin	Fuzarium klasa pšenice (fusarium graminearum/gibberella zeae)
14	5	2015	Zrenjanin	Lisne vaši na ratarskim usevima (aphididae)
11	5	2015	Mladenovac	Fuzarium klasa pšenice (fusarium graminearum/gibberella zeae)
11	5	2015	Mladenovac	Žitna pijavica (lema melanopus)
10	5	2015	Kikinda	Fuzarium klasa pšenice (fusarium graminearum/gibberella zeae)
9	5	2015	Zrenjanin	Fuzarium klasa pšenice (fusarium graminearum/gibberella zeae)
8	5	2015	Vrbas	Lisne vaši na ratarskim usevima (aphididae)
8	5	2015	Vrbas	Žitne lisne ose (tenthredinidae)
8	5	2015	Vrbas	Fuzarium klasa pšenice (fusarium graminearum/gibberella zeae)
8	5	2015	Požarevac	Fuzarium klasa pšenice (fusarium graminearum/gibberella zeae)
8	5	2015	Pančevo	Fuzarium klasa pšenice (fusarium graminearum/gibberella zeae)
8	5	2015	Pančevo	Žitna pijavica (lema melanopus)
7	5	2015	Vršac	Fuzarium klasa pšenice (fusarium graminearum/gibberella zeae)
7	5	2015	Vršac	Rđa pšenice (Puccinia spp.)
7	5	2015	Bačka Topola	Fuzarium klasa pšenice (fusarium graminearum/gibberella zeae)
7	5	2015	Beograd	Fuzarium klasa pšenice (fusarium graminearum/gibberella zeae)
6	5	2015	Ruma	Fuzarium klasa pšenice (fusarium graminearum/gibberella zeae)
6	5	2015	Senta	Fuzarium klasa pšenice (fusarium graminearum/gibberella zeae)
6	5	2015	Sombor	Fuzarium klasa pšenice (fusarium graminearum/gibberella zeae)
6	5	2015	Sombor	Žitna pijavica (lema melanopus)
5	5	2015	Novi Sad	Fuzarium klasa pšenice (fusarium graminearum/gibberella zeae)
30	4	2015	Zrenjanin	Siva pegavost lista strnih žita (Septoria tritici/Mycosphaerella graminicola)
30	4	2015	Šabac	Siva pegavost lista strnih žita (Septoria tritici/Mycosphaerella graminicola)
30	4	2015	Šabac	Pepelnica pšenice (erysiphe graminis)
30	4	2015	Šabac	Lisna rđa pšenice (Puccinia triticina/recondita)
30	4	2015	Mladenovac	Žitna pijavica (lema melanopus)
30	4	2015	Mladenovac	Žuta ili prugasta rđa pšenice (Puccinia striiformis)
29	4	2015	Valjevo	Pepelnica pšenice (erysiphe graminis)
29	4	2015	Valjevo	Rđa pšenice (Puccinia spp.)
29	4	2015	Valjevo	Siva pegavost lista strnih žita (Septoria tritici/Mycosphaerella graminicola)
24	4	2015	Kraljevo	Siva pegavost lista strnih žita (Septoria tritici/Mycosphaerella graminicola)
24	4	2015	Kraljevo	Žitna pijavica (lema melanopus)
24	4	2015	Kraljevo	Lisne vaši na ratarskim usevima (aphididae)
24	4	2015	Kruševac	Siva pegavost lista strnih žita (Septoria tritici/Mycosphaerella graminicola)
24	4	2015	Kruševac	Rđa pšenice (Puccinia spp.)
24	4	2015	Kruševac	Pepelnica pšenice (erysiphe graminis)
23	4	2015	Subotica	Siva pegavost lista strnih žita (Septoria tritici/Mycosphaerella graminicola)
23	4	2015	Subotica	Mrežasta pegavost ječma (pyrenophora teres)
23	4	2015	Jagodina	Siva pegavost lista strnih žita (Septoria tritici/Mycosphaerella graminicola)
23	4	2015	Jagodina	Rđa pšenice (Puccinia spp.)
23	4	2015	Jagodina	Mrežasta pegavost ječma (pyrenophora teres)
23	4	2015	Jagodina	Žitna pijavica (lema melanopus)
23	4	2015	Jagodina	Pepelnica pšenice (erysiphe graminis)
23	4	2015	Vršac	Rđa pšenice (Puccinia spp.)
23	4	2015	Vršac	Siva pegavost lista strnih žita (Septoria tritici/Mycosphaerella graminicola)
23	4	2015	Vršac	Pepelnica pšenice (erysiphe graminis)
23	4	2015	Mladenovac	Žitna pijavica (lema melanopus)
23	4	2015	Mladenovac	Mrežasta pegavost ječma (pyrenophora teres)
23	4	2015	Mladenovac	Poljski miš (apodemus sylvaticus)
20	4	2015	Kikinda	Siva pegavost lista strnih žita (Septoria tritici/Mycosphaerella graminicola)
20	4	2015	Kikinda	Pepelnica pšenice (erysiphe graminis)
20	4	2015	Kikinda	Rđa pšenice (Puccinia spp.)
19	4	2015	Leskovac	Žitna pijavica (lema melanopus)
18	4	2015	Niš	Žitna pijavica (lema melanopus)
17	4	2015	Pirot	Žitna pijavica (lema melanopus)
17	4	2015	Niš	Pepelnica pšenice (erysiphe graminis)
17	4	2015	Niš	Siva pegavost lista strnih žita (Septoria tritici/Mycosphaerella graminicola)
17	4	2015	Niš	Rđa pšenice (Puccinia spp.)
16	4	2015	Vrbas	Žitna pijavica (lema melanopus)
15	4	2015	Jagodina	Siva pegavost lista strnih žita (Septoria tritici/Mycosphaerella graminicola)
15	4	2015	Jagodina	Rđa pšenice (Puccinia spp.)
15	4	2015	Jagodina	Mrežasta pegavost ječma (pyrenophora teres)
15	4	2015	Jagodina	Žitna pijavica (lema melanopus)
15	4	2015	Jagodina	Lisne vaši na ratarskim usevima (aphididae)
14	4	2015	Smederevo	Siva pegavost lista strnih žita (Septoria tritici/Mycosphaerella graminicola)
14	4	2015	Vrbas	Siva pegavost lista strnih žita (Septoria tritici/Mycosphaerella graminicola)
13	4	2015	Pančevo	Pepelnica pšenice (erysiphe graminis)
13	4	2015	Pančevo	Siva pegavost lista strnih žita (Septoria tritici/Mycosphaerella graminicola)
13	4	2015	Pančevo	Žitna pijavica (lema melanopus)
10	4	2015	Kraljevo	Siva pegavost lista strnih žita (Septoria tritici/Mycosphaerella graminicola)
10	4	2015	Valjevo	Pepelnica pšenice (erysiphe graminis)
10	4	2015	Valjevo	Rđa pšenice (Puccinia spp.)
10	4	2015	Valjevo	Siva pegavost lista strnih žita (Septoria tritici/Mycosphaerella graminicola)
10	4	2015	Sombor	Rđa pšenice (Puccinia spp.)
10	4	2015	Sombor	Siva pegavost lista strnih žita (Septoria tritici/Mycosphaerella graminicola)
9	4	2015	Jagodina	Siva pegavost lista strnih žita (Septoria tritici/Mycosphaerella graminicola)
9	4	2015	Jagodina	Mrežasta pegavost ječma (pyrenophora teres)
9	4	2015	Kragujevac	Lisna rđa pšenice (Puccinia triticina/recondita)
9	4	2015	Šabac	Siva pegavost lista strnih žita (Septoria tritici/Mycosphaerella graminicola)
9	4	2015	Šabac	Pepelnica pšenice (erysiphe graminis)
9	4	2015	Šabac	Rđa pšenice (Puccinia spp.)
9	4	2015	Pirot	Lisna rđa pšenice (Puccinia triticina/recondita)
9	4	2015	Pirot	Pepelnica pšenice (erysiphe graminis)
9	4	2015	Pirot	Siva pegavost lista strnih žita (Septoria tritici/Mycosphaerella graminicola)
7	4	2015	Niš	Siva pegavost lista strnih žita (Septoria tritici/Mycosphaerella graminicola)
6	4	2015	Vrbas	Siva pegavost lista strnih žita (Septoria tritici/Mycosphaerella graminicola)
5	4	2015	Zrenjanin	Siva pegavost lista strnih žita (Septoria tritici/Mycosphaerella graminicola)
5	4	2015	Zrenjanin	Rđa pšenice (Puccinia spp.)
5	4	2015	Zrenjanin	Pepelnica pšenice (erysiphe graminis)
5	4	2015	Ruma	Siva pegavost lista strnih žita (Septoria tritici/Mycosphaerella graminicola)
5	4	2015	Ruma	Rđa pšenice (Puccinia spp.)
5	4	2015	Ruma	Pepelnica pšenice (erysiphe graminis)
5	4	2015	Ruma	Mrežasta pegavost ječma (pyrenophora teres)
5	4	2015	Ruma	Pegavost lista ječma (Rhynchosporium secalis)
5	4	2015	Požarevac	Siva pegavost lista strnih žita (Septoria tritici/Mycosphaerella graminicola)
5	4	2015	Požarevac	Rđa pšenice (Puccinia spp.)
5	4	2015	Požarevac	Pepelnica pšenice (erysiphe graminis)
3	4	2015	Vršac	Rđa pšenice (Puccinia spp.)
3	4	2015	Vršac	Siva pegavost lista strnih žita (Septoria tritici/Mycosphaerella graminicola)
3	4	2015	Vršac	Pepelnica pšenice (erysiphe graminis)
3	4	2015	Novi Sad	Siva pegavost lista strnih žita (Septoria tritici/Mycosphaerella graminicola)
3	4	2015	Novi Sad	Rđa pšenice (Puccinia spp.)
3	4	2015	Novi Sad	Pepelnica pšenice (erysiphe graminis)
31	3	2015	Senta	Siva pegavost lista strnih žita (Septoria tritici/Mycosphaerella graminicola)
31	3	2015	Kikinda	Rđa pšenice (Puccinia spp.)
31	3	2015	Kikinda	Siva pegavost lista strnih žita (Septoria tritici/Mycosphaerella graminicola)
31	3	2015	Kikinda	Pepelnica pšenice (erysiphe graminis)
27	3	2015	Pančevo	Siva pegavost lista strnih žita (Septoria tritici/Mycosphaerella graminicola)
27	3	2015	Jagodina	Siva pegavost lista strnih žita (Septoria tritici/Mycosphaerella graminicola)
27	3	2015	Jagodina	Pepelnica pšenice (erysiphe graminis)
27	3	2015	Jagodina	Rđa pšenice (Puccinia spp.)
27	3	2015	Jagodina	Mrežasta pegavost ječma (pyrenophora teres)
27	3	2015	Vrbas	Siva pegavost lista strnih žita (Septoria tritici/Mycosphaerella graminicola)
27	3	2015	Valjevo	Pepelnica pšenice (erysiphe graminis)
27	3	2015	Valjevo	Rđa pšenice (Puccinia spp.)
27	3	2015	Valjevo	Siva pegavost lista strnih žita (Septoria tritici/Mycosphaerella graminicola)
27	3	2015	Sombor	Pepelnica pšenice (erysiphe graminis)
27	3	2015	Sombor	Rđa pšenice (Puccinia spp.)
27	3	2015	Sombor	Siva pegavost lista strnih žita (Septoria tritici/Mycosphaerella graminicola)
26	3	2015	Niš	Siva pegavost lista strnih žita (Septoria tritici/Mycosphaerella graminicola)
26	3	2015	Zrenjanin	Siva pegavost lista strnih žita (Septoria tritici/Mycosphaerella graminicola)
26	3	2015	Zrenjanin	Pepelnica pšenice (erysiphe graminis)
26	3	2015	Zrenjanin	Rđa pšenice (Puccinia spp.)
26	3	2015	Zrenjanin	Žitna pijavica (lema melanopus)
26	3	2015	Pirot	Lisna rđa pšenice (Puccinia triticina/recondita)
26	3	2015	Pirot	Pepelnica pšenice (erysiphe graminis)
26	3	2015	Pirot	Siva pegavost lista strnih žita (Septoria tritici/Mycosphaerella graminicola)
26	3	2015	Smederevo	Siva pegavost lista strnih žita (Septoria tritici/Mycosphaerella graminicola)
26	3	2015	Vršac	Siva pegavost lista strnih žita (Septoria tritici/Mycosphaerella graminicola)
26	3	2015	Vršac	Pepelnica pšenice (erysiphe graminis)
26	3	2015	Vršac	Mrežasta pegavost ječma (pyrenophora teres)
24	3	2015	Kikinda	Pepelnica pšenice (erysiphe graminis)
24	3	2015	Kikinda	Rđa pšenice (Puccinia spp.)
24	3	2015	Kikinda	Siva pegavost lista strnih žita (Septoria tritici/Mycosphaerella graminicola)
23	3	2015	Bačka Topola	Rđa pšenice (Puccinia spp.)
23	3	2015	Bačka Topola	Siva pegavost lista strnih žita (Septoria tritici/Mycosphaerella graminicola)
21	3	2015	Sombor	Pepelnica pšenice (erysiphe graminis)
21	3	2015	Sombor	Rđa pšenice (Puccinia spp.)
21	3	2015	Sombor	Siva pegavost lista strnih žita (Septoria tritici/Mycosphaerella graminicola)
19	3	2015	Požarevac	Siva pegavost lista strnih žita (Septoria tritici/Mycosphaerella graminicola)
19	3	2015	Požarevac	Rđa pšenice (Puccinia spp.)
19	3	2015	Požarevac	Pepelnica pšenice (erysiphe graminis)
18	3	2015	Beograd	Siva pegavost lista strnih žita (Septoria tritici/Mycosphaerella graminicola)
17	3	2015	Kikinda	Pepelnica pšenice (erysiphe graminis)
17	3	2015	Kikinda	Rđa pšenice (Puccinia spp.)
17	3	2015	Kikinda	Siva pegavost lista strnih žita (Septoria tritici/Mycosphaerella graminicola)
17	3	2015	Pirot	Lisna rđa pšenice (Puccinia triticina/recondita)
17	3	2015	Pirot	Pepelnica pšenice (erysiphe graminis)
17	3	2015	Pirot	Siva pegavost lista strnih žita (Septoria tritici/Mycosphaerella graminicola)
15	3	2015	Sombor	Pepelnica pšenice (erysiphe graminis)
15	3	2015	Sombor	Rđa pšenice (Puccinia spp.)
15	3	2015	Sombor	Siva pegavost lista strnih žita (Septoria tritici/Mycosphaerella graminicola)
13	3	2015	Novi Sad	Pepelnica pšenice (erysiphe graminis)
13	3	2015	Novi Sad	Rđa pšenice (Puccinia spp.)
13	3	2015	Novi Sad	Siva pegavost lista strnih žita (Septoria tritici/Mycosphaerella graminicola)
11	3	2015	Zrenjanin	Siva pegavost lista strnih žita (Septoria tritici/Mycosphaerella graminicola)
11	3	2015	Zrenjanin	Rđa pšenice (Puccinia spp.)
11	3	2015	Zrenjanin	Pepelnica pšenice (erysiphe graminis)
10	3	2015	Vrbas	Rđa pšenice (Puccinia spp.)
10	3	2015	Vrbas	Siva pegavost lista strnih žita (Septoria tritici/Mycosphaerella graminicola)
10	3	2015	Vrbas	Lisne vaši na ratarskim usevima (aphididae)
9	3	2015	Kikinda	Siva pegavost lista strnih žita (Septoria tritici/Mycosphaerella graminicola)
9	3	2015	Kikinda	Rđa pšenice (Puccinia spp.)
9	3	2015	Kikinda	Pepelnica pšenice (erysiphe graminis)
9	3	2015	Sremska Mitrovica	Siva pegavost lista strnih žita (Septoria tritici/Mycosphaerella graminicola)
9	3	2015	Sremska Mitrovica	Mrežasta pegavost ječma (pyrenophora teres)
6	3	2015	Vršac	Pepelnica pšenice (erysiphe graminis)
6	3	2015	Vršac	Rđa pšenice (Puccinia spp.)
6	3	2015	Vršac	Siva pegavost lista strnih žita (Septoria tritici/Mycosphaerella graminicola)
6	3	2015	Pirot	Siva pegavost lista strnih žita (Septoria tritici/Mycosphaerella graminicola)
6	3	2015	Pirot	Rđa pšenice (Puccinia spp.)
6	3	2015	Pirot	Pepelnica pšenice (erysiphe graminis)
5	3	2015	Vrbas	Pepelnica pšenice (erysiphe graminis)
5	3	2015	Vrbas	Siva pegavost lista strnih žita (Septoria tritici/Mycosphaerella graminicola)
3	3	2015	Sombor	Pepelnica pšenice (erysiphe graminis)
3	3	2015	Sombor	Rđa pšenice (Puccinia spp.)
3	3	2015	Sombor	Siva pegavost lista strnih žita (Septoria tritici/Mycosphaerella graminicola)
2	3	2015	Kikinda	Siva pegavost lista strnih žita (Septoria tritici/Mycosphaerella graminicola)
2	3	2015	Kikinda	Pepelnica pšenice (erysiphe graminis)
2	3	2015	Kikinda	Rđa pšenice (Puccinia spp.)
2	3	2015	Pančevo	Pepelnica pšenice (erysiphe graminis)
2	3	2015	Pančevo	Rđa pšenice (Puccinia spp.)
2	3	2015	Pančevo	Siva pegavost lista strnih žita (Septoria tritici/Mycosphaerella graminicola)
26	2	2015	Vrbas	Mrežasta pegavost ječma (pyrenophora teres)
26	2	2015	Vrbas	Siva pegavost lista strnih žita (Septoria tritici/Mycosphaerella graminicola)
24	2	2015	Sremska Mitrovica	Mrežasta pegavost ječma (pyrenophora teres)
24	2	2015	Sremska Mitrovica	Siva pegavost lista strnih žita (Septoria tritici/Mycosphaerella graminicola)
23	2	2015	Vršac	Pepelnica pšenice (erysiphe graminis)
23	2	2015	Vršac	Siva pegavost lista strnih žita (Septoria tritici/Mycosphaerella graminicola)
23	2	2015	Vršac	Žuta ili prugasta rđa pšenice (Puccinia striiformis)
23	2	2015	Vršac	Mrežasta pegavost ječma (pyrenophora teres)
22	2	2015	Zrenjanin	Pepelnica pšenice (erysiphe graminis)
22	2	2015	Zrenjanin	Rđa pšenice (Puccinia spp.)
22	2	2015	Zrenjanin	Siva pegavost lista strnih žita (Septoria tritici/Mycosphaerella graminicola)
22	2	2015	Ruma	Siva pegavost lista strnih žita (Septoria tritici/Mycosphaerella graminicola)
22	2	2015	Ruma	Rđa pšenice (Puccinia spp.)
22	2	2015	Ruma	Pepelnica pšenice (erysiphe graminis)
22	2	2015	Ruma	Mrežasta pegavost ječma (pyrenophora teres)
22	2	2015	Ruma	Pegavost lista ječma (Rhynchosporium secalis)
22	2	2015	Ruma	Poljski miš (apodemus sylvaticus)
22	2	2015	Ruma	Poljska voluharica (microtus arvalis)
21	2	2015	Sombor	Lisna rđa pšenice (Puccinia triticina/recondita)
21	2	2015	Sombor	Lisne vaši na ratarskim usevima (aphididae)
21	2	2015	Sombor	Pepelnica pšenice (erysiphe graminis)
21	2	2015	Sombor	Siva pegavost lista strnih žita (Septoria tritici/Mycosphaerella graminicola)
19	2	2015	Kikinda	Pepelnica pšenice (erysiphe graminis)
19	2	2015	Kikinda	Siva pegavost lista strnih žita (Septoria tritici/Mycosphaerella graminicola)
19	2	2015	Kikinda	Žuta rđa lista i stabla kupine (Kuehneola uredinis)
19	2	2015	Bačka Topola	Mrežasta pegavost ječma (pyrenophora teres)
19	2	2015	Bačka Topola	Pegavost lista ječma (Rhynchosporium secalis)
19	2	2015	Bačka Topola	Rđa pšenice (Puccinia spp.)
19	2	2015	Bačka Topola	Siva pegavost lista strnih žita (Septoria tritici/Mycosphaerella graminicola)
19	2	2015	Bačka Topola	Poljska voluharica (microtus arvalis)
19	2	2015	Bačka Topola	Poljski miš (apodemus sylvaticus)
18	2	2015	Pirot	Pepelnica pšenice (erysiphe graminis)
18	2	2015	Pirot	Siva pegavost lista strnih žita (Septoria tritici/Mycosphaerella graminicola)
18	2	2015	Pirot	Rđa pšenice (Puccinia spp.)
14	2	2015	Požarevac	Pepelnica pšenice (erysiphe graminis)
14	2	2015	Požarevac	Rđa pšenice (Puccinia spp.)
14	2	2015	Požarevac	Siva pegavost lista strnih žita (Septoria tritici/Mycosphaerella graminicola)
11	2	2015	Zrenjanin	Pepelnica pšenice (erysiphe graminis)
11	2	2015	Zrenjanin	Rđa pšenice (Puccinia spp.)
11	2	2015	Zrenjanin	Siva pegavost lista strnih žita (Septoria tritici/Mycosphaerella graminicola)
6	2	2015	Sombor	Lisna rđa pšenice (Puccinia triticina/recondita)
6	2	2015	Sombor	Siva pegavost lista strnih žita (Septoria tritici/Mycosphaerella graminicola)
6	2	2015	Sombor	Poljski miš (apodemus sylvaticus)
6	2	2015	Sombor	Poljska voluharica (microtus arvalis)
21	1	2015	Pančevo	Pepelnica pšenice (erysiphe graminis)
21	1	2015	Pančevo	Siva pegavost lista strnih žita (Septoria tritici/Mycosphaerella graminicola)
21	1	2015	Pančevo	Rđa pšenice (Puccinia spp.)
18	1	2015	Sombor	Siva pegavost lista strnih žita (Septoria tritici/Mycosphaerella graminicola)
18	1	2015	Sombor	Rđa pšenice (Puccinia spp.)
18	1	2015	Sombor	Poljski miš (apodemus sylvaticus)
18	1	2015	Sombor	Poljska voluharica (microtus arvalis)
16	1	2015	Zrenjanin	Rđa pšenice (Puccinia spp.)
16	1	2015	Zrenjanin	Siva pegavost lista strnih žita (Septoria tritici/Mycosphaerella graminicola)
29	12	2014	Kikinda	Siva pegavost lista strnih žita (Septoria tritici/Mycosphaerella graminicola)
29	12	2014	Kikinda	Rđa pšenice (Puccinia spp.)
29	12	2014	Kikinda	Pepelnica pšenice (erysiphe graminis)
29	12	2014	Vršac	Pepelnica jabuke (podosphaera leucotricha)
29	12	2014	Vršac	Siva pegavost lista strnih žita (Septoria tritici/Mycosphaerella graminicola)
29	12	2014	Vršac	Rđa pšenice (Puccinia spp.)
29	12	2014	Vršac	Mrežasta pegavost ječma (pyrenophora teres)
28	12	2014	Ruma	Siva pegavost lista strnih žita (Septoria tritici/Mycosphaerella graminicola)
28	12	2014	Ruma	Rđa pšenice (Puccinia spp.)
28	12	2014	Ruma	Pepelnica pšenice (erysiphe graminis)
28	12	2014	Ruma	Mrežasta pegavost ječma (pyrenophora teres)
28	12	2014	Ruma	Pegavost lista ječma (Rhynchosporium secalis)
26	12	2014	Kruševac	Siva pegavost lista strnih žita (Septoria tritici/Mycosphaerella graminicola)
26	12	2014	Kruševac	Pepelnica pšenice (erysiphe graminis)
26	12	2014	Kruševac	Rđa pšenice (Puccinia spp.)
26	12	2014	Smederevo	Lisna rđa pšenice (Puccinia triticina/recondita)
26	12	2014	Smederevo	Pegavost lista ječma (Rhynchosporium secalis)
26	12	2014	Smederevo	Pepelnica pšenice (erysiphe graminis)
26	12	2014	Smederevo	Rđa pšenice (Puccinia spp.)
26	12	2014	Mladenovac	Rđa pšenice (Puccinia spp.)